{"thread":[{"id":"1460","type":"sms","timestamp":1516733532,"direction":"outgoing","body":"I'm so glad. I love you. Xxx","status":"sent"},{"id":"1459","type":"sms","timestamp":1516733318,"direction":"incoming","body":"X busy but feel so much better. Sleep is the thing!"},{"id":"1458","type":"sms","timestamp":1516732761,"direction":"outgoing","body":"Done, how are you?","status":"sent"},{"id":"1457","type":"sms","timestamp":1516732706,"direction":"incoming","body":"Can you pull bedroom blind down if home "},{"id":"1455","type":"sms","timestamp":1516662310,"direction":"outgoing","body":"I love you. Xxxx","status":"sent"},{"id":"1454","type":"sms","timestamp":1516662299,"direction":"outgoing","body":"No, i'm on thank you. ","status":"sent"},{"id":"1453","type":"sms","timestamp":1516662221,"direction":"incoming","body":"I’m at foragers. Can I get you anything ? "},{"id":"1452","type":"sms","timestamp":1516661343,"direction":"incoming","body":"I can do foragers "},{"id":"1451","type":"sms","timestamp":1516661337,"direction":"incoming","body":"Oh I totally forgot. I’ll take it when I get home. - on subway "},{"id":"1450","type":"sms","timestamp":1516661301,"direction":"outgoing","body":"Also remember it's boniva day, I can't remember if you're meant to do it before of after food. Xxx","status":"sent"},{"id":"1449","type":"sms","timestamp":1516661154,"direction":"outgoing","body":"Nevermind, the library kicked me out. I'll get soup on the way. Xxx","status":"sent"},{"id":"1446","type":"sms","timestamp":1516659907,"direction":"outgoing","body":"I don't mind doing it but I'm going to finish what I'm working on before migrating. I love you. Xxx","status":"sent"},{"id":"1445","type":"sms","timestamp":1516659752,"direction":"incoming","body":"I can do that. You stay put. "},{"id":"1444","type":"sms","timestamp":1516659684,"direction":"outgoing","body":"Pack up time is relative as I'm at the library, I'll migrate once I wrap up what I'm working on. Shall I get you some foragers soup?","status":"sent"},{"id":"1443","type":"sms","timestamp":1516659355,"direction":"incoming","body":"I won’t be late tonight. Long day. Heading home shortly  you don’t need to pack up yet "},{"id":"1442","type":"sms","timestamp":1516584707,"direction":"incoming","body":"Apparently track 19 is the best "},{"id":"1441","type":"sms","timestamp":1516584694,"direction":"incoming","body":"Martin Kippenberger greatest hits   We need to find. "},{"id":"1438","type":"sms","timestamp":1516475870,"direction":"outgoing","body":"https:\/\/goo.gl\/images\/cBK98a","status":"sent"},{"id":"1437","type":"sms","timestamp":1516466464,"direction":"outgoing","body":"Baguettes just come out of the oven, they're still hot. Xxx","status":"sent"},{"id":"1436","type":"sms","timestamp":1516466405,"direction":"outgoing","body":"Xxxxxxxxxxxxxxxxxxxxxx","status":"sent"},{"id":"1435","type":"sms","timestamp":1516466374,"direction":"incoming","body":"Yay Charlie.  I’m in love with you "},{"id":"1434","type":"sms","timestamp":1516466343,"direction":"outgoing","body":"On the other hand I was able to direct the que into the restaurant instead of into the doorway, little victories. Xxx","status":"sent"},{"id":"1433","type":"sms","timestamp":1516466246,"direction":"outgoing","body":"Twats","status":"sent"},{"id":"1432","type":"sms","timestamp":1516466237,"direction":"outgoing","body":"Yes, I let them in, then they asked who was in front of the que","status":"sent"},{"id":"1431","type":"sms","timestamp":1516466209,"direction":"incoming","body":"After you?"},{"id":"1430","type":"sms","timestamp":1516466188,"direction":"outgoing","body":"The people I held the door open for just asked if they were after me","status":"sent"},{"id":"1429","type":"sms","timestamp":1516411281,"direction":"incoming","body":"Ok. I should be there shortly. So not up for this. But I’m sure I’ll perk up "},{"id":"1428","type":"sms","timestamp":1516411027,"direction":"outgoing","body":"I was first to arrive. All is good. I love you. Xxx","status":"sent"},{"id":"1427","type":"sms","timestamp":1516407771,"direction":"outgoing","body":"I love you with all my heart. Xxxxxxx","status":"sent"},{"id":"1426","type":"sms","timestamp":1516407670,"direction":"outgoing","body":"Of course. It's hardly a hardship","status":"sent"},{"id":"1425","type":"sms","timestamp":1516407659,"direction":"incoming","body":"8:15 reservation under my name "},{"id":"1424","type":"sms","timestamp":1516407645,"direction":"incoming","body":"Off me "},{"id":"1423","type":"sms","timestamp":1516407642,"direction":"incoming","body":"Yes pleas. It will take some stress "},{"id":"1422","type":"sms","timestamp":1516407626,"direction":"outgoing","body":"Would you like me to go on ahead? I'm more than happy to, and perfectly capable of not saying anything about your work...","status":"sent"},{"id":"1421","type":"sms","timestamp":1516407409,"direction":"incoming","body":"Want to plan to be there on time.? I’m concerned otherwise they won’t seat me. You can’t say anything all of this London stuff "},{"id":"1420","type":"sms","timestamp":1516407382,"direction":"incoming","body":"I’m still at work and worried that I’m not going to make 8:-15. I’m going to email jonathan and tell them to start without. Me. Do you "},{"id":"1419","type":"sms","timestamp":1516407378,"direction":"incoming","body":"I’m still at work and worried that I’m not going to make 8:-15. I’m going to email jonathan and tell them to start without. Me. Do you "},{"id":"1418","type":"sms","timestamp":1516405752,"direction":"outgoing","body":"I'm glad, you're week has been long enough. You have a fresh pack of crackers, is there anything else I can do for you?","status":"sent"},{"id":"1417","type":"sms","timestamp":1516405180,"direction":"incoming","body":"I’m trying to wrap up "},{"id":"1416","type":"sms","timestamp":1516405172,"direction":"incoming","body":"Too sweet "}]}