{"thread":[{"id":"1363","type":"sms","timestamp":1516224317,"direction":"incoming","body":"Awww  thanks - life  is good on our way to Kerhonkson to check out the building - want to hear about London - was it a blast?"},{"id":"1362","type":"sms","timestamp":1516222184,"direction":"outgoing","body":"I won't get a chance to do it today but I'm perfectly happy posting them. The only reason not to would be if you were coming in the next week or two. How's life out there?","status":"sent"},{"id":"1361","type":"sms","timestamp":1516208369,"direction":"incoming","body":"Up to you not sure when we’ll be next there probably spring if you fancy posting our address is box 2950 Oak Bluffs, MA 02557"},{"id":"1360","type":"sms","timestamp":1516208367,"direction":"incoming","body":"Up to you not sure when we’ll be next there probably spring if you fancy posting our address is box 2950 Oak Bluffs, MA 02557"},{"id":"1359","type":"sms","timestamp":1516208321,"direction":"incoming","body":"Aww lovely "},{"id":"1358","type":"sms","timestamp":1516206708,"direction":"outgoing","body":"Hey Aunty, Sibbers gave me a couple of presents for you and Rho. Shall I mail them to the vineyard or would you like to pick them up in person next time you're in the city?","status":"sent"},{"id":"825","type":"sms","timestamp":1513119830,"direction":"incoming","body":"Merry Merries cheesy card will follow "},{"id":"824","type":"sms","timestamp":1513119814,"direction":"incoming","body":"Awwww you are welcome ❤️"},{"id":"803","type":"sms","timestamp":1513112365,"direction":"outgoing","body":"Aunty, thank you so much for the check. I didn't open it until just now at the bank and it's way too generous. Thank you, really.","status":"sent"},{"id":"638","type":"sms","timestamp":1512603978,"direction":"outgoing","body":"Great, I won't make before supper, so go ahead with your own plan and i'll fall in when I can","status":"sent"},{"id":"637","type":"sms","timestamp":1512603652,"direction":"incoming","body":"Ok cool we will PIBE"},{"id":"636","type":"sms","timestamp":1512603029,"direction":"outgoing","body":"I'm in the middle of something but might be available later. I'll ping you when I get out, if not yes, sunday","status":"sent"},{"id":"635","type":"sms","timestamp":1512602847,"direction":"incoming","body":"If you are free and want a nite let me know otherwise see you Sunday "},{"id":"634","type":"sms","timestamp":1512602818,"direction":"incoming","body":"Probably take a swerve honestly as well have Ronan "},{"id":"633","type":"sms","timestamp":1512602768,"direction":"incoming","body":"That's very sweet to offer thanks "},{"id":"616","type":"sms","timestamp":1512594527,"direction":"outgoing","body":"By the way our Saturday plans are a party at C's ex's in Brooklyn and he said your more than welcome to join us but imagine you have other priorities. Just thought i'd let you know","status":"sent"},{"id":"594","type":"sms","timestamp":1512483532,"direction":"outgoing","body":"Oh great, we actually have plans on Thurs and Sat (although we can reschedule Sat if need be). How inconvinient would Friday be?","status":"sent"},{"id":"580","type":"sms","timestamp":1512429251,"direction":"incoming","body":"Or Friday or Saturday but not sure we'll have Ronan on Friday "},{"id":"579","type":"sms","timestamp":1512429228,"direction":"incoming","body":"Thanks for that did pass it along - we are coming to the city Weds night to Sunday - dinner Thursday maybe"},{"id":"312","type":"sms","timestamp":1511964640,"direction":"outgoing","body":"Please pass my love to everyone","status":"sent"},{"id":"311","type":"sms","timestamp":1511964614,"direction":"outgoing","body":"C says her firm uses Fragomen (https:\/\/www.fragomen.com) and a mate of hers used Neil Weinrib (http:\/\/nawlaw.com) with favorable results. Hope that helps, not sure how expensive they are.","status":"sent"},{"id":"296","type":"sms","timestamp":1511906363,"direction":"incoming","body":"Exactly "},{"id":"293","type":"sms","timestamp":1511901993,"direction":"outgoing","body":"Ha ha, no I haven't sent it yet. This planning lark really isn't my forte. Thanks but i'll just post it and let it be a late card. Thanks though","status":"sent"},{"id":"291","type":"sms","timestamp":1511901312,"direction":"incoming","body":"Lovely idea though thanks could probably fake one on your behalf?"},{"id":"290","type":"sms","timestamp":1511901292,"direction":"incoming","body":"Awwww I leave in a couple of hours for Boston as I fly out in the morning. Just went to the post office and no card "},{"id":"287","type":"sms","timestamp":1511899155,"direction":"outgoing","body":"Hey aunty, I forgot to ask C about a lawyer last night but I just sent an email. On another subject. If I mailed you a card for granny would it get there in time for you to bring it over? I think I've missed the airmail deadline for her birthday","status":"sent"},{"id":"240","type":"sms","timestamp":1511803518,"direction":"incoming","body":"Thanks lovvie ❤️"},{"id":"239","type":"sms","timestamp":1511803505,"direction":"outgoing","body":"Will do","status":"sent"},{"id":"238","type":"sms","timestamp":1511803471,"direction":"incoming","body":"It's ok that will do :) but sure ask Christine if he has a no joke hard core one that would be great "},{"id":"237","type":"sms","timestamp":1511803333,"direction":"outgoing","body":"Or Christine will know serious immigration lawyers if you'd like me to ask her. I did mine as cheaply as I could","status":"sent"},{"id":"236","type":"sms","timestamp":1511803286,"direction":"outgoing","body":"Moumita Rahman, I think the firm is basically just her. Would you like me to reach out to her for you?","status":"sent"},{"id":"235","type":"sms","timestamp":1511803180,"direction":"incoming","body":"What is your attorneys name at this firm "},{"id":"234","type":"sms","timestamp":1511803147,"direction":"incoming","body":"It's ok she'll figure it out "},{"id":"233","type":"sms","timestamp":1511802200,"direction":"outgoing","body":"Shit, I'm sorry to hear that","status":"sent"},{"id":"232","type":"sms","timestamp":1511802162,"direction":"incoming","body":"Ok cool thank you - might need a miracle worker "},{"id":"231","type":"sms","timestamp":1511801775,"direction":"outgoing","body":"Yes, I like my lawyer my case isn't resolved yet but I've trusted what she's done so far: http:\/\/rahmanlawpllc.com","status":"sent"},{"id":"230","type":"sms","timestamp":1511801037,"direction":"incoming","body":"On another note is your immigration lawyer good? Would you recommend him\/her? I have a friend in a sticky situ?"},{"id":"155","type":"sms","timestamp":1511470131,"direction":"outgoing","body":"Oh great! Happy thanksgiving to you too. Let me know closer to your dates what your plans are and I'll fall in around you. Love you you and your fam. X","status":"sent"},{"id":"153","type":"sms","timestamp":1511466081,"direction":"incoming","body":"Happy Thanksgiving sweetums love to you and Christina - we'll be in NYC dec 6-10 so let's hang sometime xo"}]}