{"thread":[{"id":"89","type":"mms","timestamp":1514775911,"direction":"incoming","recipient_index":1,"body":"Going to bed. Big kiss"},{"id":"87","type":"mms","timestamp":1514774755,"direction":"incoming","recipient_index":0,"body":"Yes happy endings and happy beginnings ! Sending love. Let’s plan a dinner soon st Bobo xx"},{"id":"81","type":"mms","timestamp":1514752997,"direction":"incoming","recipient_index":1,"body":"Happy endings. And for the Best year to come.\n"},{"id":"5","type":"mms","timestamp":1511490231,"direction":"incoming","recipient_index":1,"body":"","image_urls":["https:\/\/dl2.pushbulletusercontent.com\/lHlBcJ9vsn2oq7Ah1tDb99gGQy9N4b7l\/15"]}]}