{"thread":[{"id":"1250","type":"sms","timestamp":1515513575,"direction":"incoming","body":"Lots of beef bourgonone left from last night if u want to come over later and get a take away for your dinner tonight"},{"id":"1057","type":"sms","timestamp":1514658418,"direction":"outgoing","body":"Sorry, wrong recipient. So lovely to see you last night and I can't wait for tomorrow","status":"sent"},{"id":"1056","type":"sms","timestamp":1514658370,"direction":"outgoing","body":"Perfect, see you then","status":"sent"},{"id":"1035","type":"sms","timestamp":1514338116,"direction":"outgoing","body":"Coming up","status":"sent"},{"id":"1034","type":"sms","timestamp":1514337304,"direction":"outgoing","body":"Thanks. I'll message when we're downstairs","status":"sent"},{"id":"1033","type":"sms","timestamp":1514337097,"direction":"incoming","body":"To get in the building press\n#0177"},{"id":"1032","type":"sms","timestamp":1514336849,"direction":"incoming","body":"Nothing"},{"id":"1031","type":"sms","timestamp":1514336818,"direction":"outgoing","body":"We'll be out the door in a couple of mins. What can we bring? ","status":"sent"},{"id":"1030","type":"sms","timestamp":1514333571,"direction":"incoming","body":"Great "},{"id":"1027","type":"sms","timestamp":1514333426,"direction":"outgoing","body":"We're in a cab. Few mins ahead of schedule","status":"sent"},{"id":"1026","type":"sms","timestamp":1514321544,"direction":"outgoing","body":"Just looking forward to seeing you. You know that","status":"sent"},{"id":"1025","type":"sms","timestamp":1514321492,"direction":"incoming","body":"Don’t get to exited I didn’t bring the Xmas put home from work, that will have to be another night "},{"id":"1024","type":"sms","timestamp":1514321397,"direction":"outgoing","body":"Can't wait","status":"sent"},{"id":"1023","type":"sms","timestamp":1514321390,"direction":"outgoing","body":"9pm sounds great, we might make sooner so we'll be in touch","status":"sent"},{"id":"1022","type":"sms","timestamp":1514321300,"direction":"incoming","body":"9.00 ?"},{"id":"1021","type":"sms","timestamp":1514321277,"direction":"incoming","body":"Ok don’t want you to rush"},{"id":"1020","type":"sms","timestamp":1514321135,"direction":"outgoing","body":"It looks like 1\/2 hr delay is correct. We're on board and due to land 7:10","status":"sent"},{"id":"1019","type":"sms","timestamp":1514309382,"direction":"outgoing","body":"Great. Will do","status":"sent"},{"id":"1018","type":"sms","timestamp":1514309350,"direction":"incoming","body":"No problem we can eat later just keep me posted. "},{"id":"1017","type":"sms","timestamp":1514308117,"direction":"outgoing","body":"Heads up. Our flight was delayed 1\/2 an hour. We're still game but there might be issues","status":"sent"},{"id":"988","type":"sms","timestamp":1514045572,"direction":"outgoing","body":"Hurray! Can't wait. What can we bring? ","status":"sent"},{"id":"987","type":"sms","timestamp":1514041928,"direction":"incoming","body":"Pudding"},{"id":"986","type":"sms","timestamp":1514041924,"direction":"incoming","body":"Getting a Xmas paid for us to have together when u get back. Have a lovely rest in the sun !!"},{"id":"907","type":"sms","timestamp":1513538618,"direction":"incoming","body":"Thanks Charles and we are so glad we have you too. X"},{"id":"906","type":"sms","timestamp":1513525162,"direction":"outgoing","body":"Thank you for an other utterly wonderful night. I'm so glad that you and P exist and do so in our lives","status":"sent"},{"id":"835","type":"sms","timestamp":1513178239,"direction":"outgoing","body":"I'll tell the desk I'm expecting him","status":"sent"},{"id":"832","type":"sms","timestamp":1513178031,"direction":"outgoing","body":"Of course","status":"sent"},{"id":"831","type":"sms","timestamp":1513177935,"direction":"incoming","body":"He’ll come up if that’s ok as you know Paul and phones"},{"id":"830","type":"sms","timestamp":1513177840,"direction":"outgoing","body":"Of course","status":"sent"},{"id":"829","type":"sms","timestamp":1513177754,"direction":"incoming","body":"Can Paul come over soon"},{"id":"828","type":"sms","timestamp":1513136163,"direction":"incoming","body":"Got to walk chichi I’ll text u. Sweet dreams"},{"id":"827","type":"sms","timestamp":1513134519,"direction":"outgoing","body":"Of course, i'll be round whenever. I'm also happy to drop it round if that's easier","status":"sent"},{"id":"826","type":"sms","timestamp":1513133524,"direction":"incoming","body":"Can I pop around tomorrow morning to get Paul’s computer ?"},{"id":"792","type":"sms","timestamp":1513034510,"direction":"outgoing","body":"Whenever works. I just don't want to be causing a delay. How's Jersey? ","status":"sent"},{"id":"789","type":"sms","timestamp":1513032517,"direction":"incoming","body":"Thanks Charles, We are in jersey, so I will touch base tomorrow "},{"id":"782","type":"sms","timestamp":1513015861,"direction":"outgoing","body":"Hey Marrisa, I hope you had a good weekend. Let me know when you'd like me to drop Paul's laptop round","status":"sent"},{"id":"702","type":"sms","timestamp":1512752812,"direction":"incoming","body":"No problem"},{"id":"701","type":"sms","timestamp":1512751555,"direction":"outgoing","body":"That's so kind but I think C had her heart set on date night at Tamarind, I'll let you know when I hear back from her","status":"sent"},{"id":"692","type":"sms","timestamp":1512749206,"direction":"incoming","body":"Tonight "},{"id":"691","type":"sms","timestamp":1512749202,"direction":"incoming","body":"Great thanks, do you want to come over for a casual dinner"}]}