{"thread":[{"id":"1001","type":"sms","timestamp":1514091223,"direction":"outgoing","body":"You about for a chat? ","status":"sent"},{"id":"727","type":"sms","timestamp":1512867215,"direction":"outgoing","body":"Anyway Australia is playing, I'm suprised that they're not showing it. How are you?","status":"sent"},{"id":"726","type":"sms","timestamp":1512867153,"direction":"outgoing","body":"There's also a webiste called rugbypass which shows things not on bbc for a subscription but they don't have USA liscences so I proxy through Singapour","status":"sent"},{"id":"725","type":"sms","timestamp":1512866796,"direction":"outgoing","body":"wrt the rugby you can watch it online. I proxy through the UK and watch it on BBC iPlayer with this extension https:\/\/chrome.google.com\/webstore\/detail\/unlimited-free-vpn-hola\/gkojfkhlekighikafcpjkiklfbnlmeio?hl=en but there's plenty of alternatives","status":"sent"},{"id":"724","type":"sms","timestamp":1512866685,"direction":"outgoing","body":"Shit, sorry, yes it did and I'm so gratfeul, I can't belive I failed to thank you.","status":"sent"},{"id":"723","type":"sms","timestamp":1512861916,"direction":"incoming","body":"Did the money I sent arrive in your account?"},{"id":"722","type":"sms","timestamp":1512861888,"direction":"incoming","body":"No, unhappily. They do not seem to have them on TV here."},{"id":"721","type":"sms","timestamp":1512855401,"direction":"outgoing","body":"Have you been watching the autumn internationals? I'm catiching up and am impressed by england's performance against australia","status":"sent"},{"id":"559","type":"sms","timestamp":1512341856,"direction":"incoming","body":"If I am going to have to learn Android, I am going to need some lessons "},{"id":"557","type":"sms","timestamp":1512336756,"direction":"outgoing","body":"Thank you","status":"sent"},{"id":"556","type":"sms","timestamp":1512336739,"direction":"incoming","body":"Of course I will help you when I can; no need to apologise."},{"id":"555","type":"sms","timestamp":1512336724,"direction":"outgoing","body":"By the way I looked for desktop SMS services for windows phones without any luck. Their software catalogue seems to be dwindeling. Sorry ","status":"sent"},{"id":"554","type":"sms","timestamp":1512336615,"direction":"outgoing","body":"Thank you so much, sorry to have chased you. No debt, I took your advice on that front to heart. Just overdue for a hair cut and some other bits","status":"sent"},{"id":"553","type":"sms","timestamp":1512335254,"direction":"incoming","body":"Are you in debt, or merely borasic?"},{"id":"552","type":"sms","timestamp":1512335253,"direction":"incoming","body":"I don't, no. I did the overseas transfer of 2k this morning; hopefully it will not take too long to arrive. "},{"id":"543","type":"sms","timestamp":1512324708,"direction":"outgoing","body":"Without meaning to look a gift horse in the mouth, because I am really greatful but do you have an eta on the money you offered?","status":"sent"},{"id":"395","type":"sms","timestamp":1511998225,"direction":"outgoing","body":"You keep cutting out","status":"sent"},{"id":"392","type":"sms","timestamp":1511997892,"direction":"outgoing","body":"Your mobile rung out","status":"sent"},{"id":"391","type":"sms","timestamp":1511997869,"direction":"outgoing","body":"What's your land line?","status":"sent"},{"id":"389","type":"sms","timestamp":1511997712,"direction":"incoming","body":"My io account receives but will not send"},{"id":"387","type":"sms","timestamp":1511997625,"direction":"incoming","body":"Does your number still end with 9424? I am getting no answer in whatsapp"},{"id":"386","type":"sms","timestamp":1511997576,"direction":"outgoing","body":"I couldn't hear you","status":"sent"},{"id":"383","type":"sms","timestamp":1511997438,"direction":"outgoing","body":"I'm ready, I tried calling back","status":"sent"},{"id":"379","type":"sms","timestamp":1511997380,"direction":"outgoing","body":"One sec, I'm reinstalling it","status":"sent"},{"id":"378","type":"sms","timestamp":1511997319,"direction":"incoming","body":"I will try to call you on whatsapp now"},{"id":"377","type":"sms","timestamp":1511997210,"direction":"outgoing","body":"Theoretically yes but I never check it","status":"sent"},{"id":"376","type":"sms","timestamp":1511997187,"direction":"outgoing","body":"That same email address?","status":"sent"},{"id":"375","type":"sms","timestamp":1511997176,"direction":"incoming","body":"Do you do whatsap by the way"},{"id":"374","type":"sms","timestamp":1511997156,"direction":"incoming","body":"Thanks. \r\r"},{"id":"373","type":"sms","timestamp":1511997148,"direction":"outgoing","body":"Yes, I can set that up for r@fe.io if you like?","status":"sent"},{"id":"372","type":"sms","timestamp":1511997127,"direction":"outgoing","body":"The duplicates are annoying, I'll figure it out when I have a moment but apart from that everything looks good","status":"sent"},{"id":"371","type":"sms","timestamp":1511997116,"direction":"incoming","body":"I have a setup whereby my chambers email gets mirrored to my gmail account. Which is useful."},{"id":"370","type":"sms","timestamp":1511997079,"direction":"outgoing","body":"Robert@fenwickelliott.io, that was just my shorthand","status":"sent"},{"id":"369","type":"sms","timestamp":1511997034,"direction":"incoming","body":"So, will my email be robert@fenwickelluott.io or r@fe.io?"},{"id":"368","type":"sms","timestamp":1511997003,"direction":"outgoing","body":"Give me a sec ot figure out how to manage favourites","status":"sent"},{"id":"367","type":"sms","timestamp":1511996985,"direction":"outgoing","body":"I was asking if hyou wanted it removed, but apperently not","status":"sent"},{"id":"366","type":"sms","timestamp":1511996959,"direction":"incoming","body":"That is already set up "},{"id":"365","type":"sms","timestamp":1511996933,"direction":"outgoing","body":"What about the gmail?","status":"sent"},{"id":"364","type":"sms","timestamp":1511996926,"direction":"incoming","body":"Ie yes to favourites "},{"id":"363","type":"sms","timestamp":1511996907,"direction":"incoming","body":"Yes"}]}