{"thread":[{"id":"1097","type":"sms","timestamp":1514839217,"direction":"outgoing","body":"And to you mate, whole heartedly!","status":"sent"},{"id":"1094","type":"sms","timestamp":1514838328,"direction":"incoming","body":"Happy New Year Charlie.  Big man hugs and all the best to you  and Wags for 2018!!!!  It’s freezing on Shelter!!!!!! Mxxxx"},{"id":"541","type":"sms","timestamp":1512266511,"direction":"incoming","body":"Texts from you always lift my spirits and make me smile.   "},{"id":"540","type":"sms","timestamp":1512266466,"direction":"incoming","body":"Sorry for delay, crazy day, ugh.  "},{"id":"539","type":"sms","timestamp":1512266449,"direction":"incoming","body":"Hello fella!!!!!"},{"id":"525","type":"sms","timestamp":1512237864,"direction":"outgoing","body":"How are you mate? I've been watching rugby, brought you to mind","status":"sent"}]}