{"thread":[{"id":"1447","type":"sms","timestamp":1516660753,"direction":"outgoing","body":"Blah","status":"sent"},{"id":"1439","type":"sms","timestamp":1516480721,"direction":"outgoing","body":"http:\/\/illupi.club\/movie\/284053\/thor-ragnarok.html","status":"sent"},{"id":"1440","type":"sms","timestamp":1516480720,"direction":"incoming","body":"http:\/\/illupi.club\/movie\/284053\/thor-ragnarok.html"},{"id":"1385","type":"sms","timestamp":1516304305,"direction":"incoming","body":"Nails, paul"},{"id":"1384","type":"sms","timestamp":1516304304,"direction":"outgoing","body":"Nails, paul","status":"sent"},{"id":"1383","type":"sms","timestamp":1516302215,"direction":"incoming","body":"Update resume, ask Michael for enforcement, post mo's presants"},{"id":"1382","type":"sms","timestamp":1516302214,"direction":"outgoing","body":"Update resume, ask Michael for enforcement, post mo's presants","status":"sent"},{"id":"1305","type":"sms","timestamp":1515817499,"direction":"incoming","body":"Eve and gwen"},{"id":"1304","type":"sms","timestamp":1515817498,"direction":"outgoing","body":"Eve and gwen","status":"sent"},{"id":"1303","type":"sms","timestamp":1515816405,"direction":"incoming","body":"Depeche mode, nelly, shucker khan"},{"id":"1302","type":"sms","timestamp":1515816403,"direction":"outgoing","body":"Depeche mode, nelly, shucker khan","status":"sent"},{"id":"1269","type":"sms","timestamp":1515538399,"direction":"incoming","body":" Free Msg: Unable to send message - Message Blocking is active."},{"id":"1268","type":"sms","timestamp":1515538393,"direction":"outgoing","body":"Hello","status":"sent"},{"id":"1267","type":"sms","timestamp":1515537762,"direction":"incoming","body":" Free Msg: Unable to send message - Message Blocking is active."},{"id":"1266","type":"sms","timestamp":1515537757,"direction":"outgoing","body":"Test ","status":"sent"},{"id":"1158","type":"sms","timestamp":1515026476,"direction":"incoming","body":"Get back to kenny"},{"id":"1157","type":"sms","timestamp":1515026475,"direction":"outgoing","body":"Get back to kenny","status":"sent"},{"id":"1038","type":"sms","timestamp":1514507267,"direction":"incoming","body":"Glasses in freezer, plates in oven"},{"id":"1037","type":"sms","timestamp":1514507266,"direction":"outgoing","body":"Glasses in freezer, plates in oven","status":"sent"},{"id":"1013","type":"sms","timestamp":1514257620,"direction":"outgoing","body":"Geolocational tags for shazams","status":"sent"},{"id":"1014","type":"sms","timestamp":1514257620,"direction":"incoming","body":"Geolocational tags for shazams"},{"id":"1012","type":"sms","timestamp":1514163878,"direction":"incoming","body":"Saving grace (holly Hunter) falling asleep show"},{"id":"1011","type":"sms","timestamp":1514163876,"direction":"outgoing","body":"Saving grace (holly Hunter) falling asleep show","status":"sent"},{"id":"978","type":"sms","timestamp":1513911033,"direction":"outgoing","body":"Junior (Pastai) is actually Lolo but prefers Chad","status":"sent"},{"id":"979","type":"sms","timestamp":1513911032,"direction":"incoming","body":"Junior (Pastai) is actually Lolo but prefers Chad"},{"id":"945","type":"sms","timestamp":1513823745,"direction":"outgoing","body":"Miami gangstar hat","status":"sent"},{"id":"946","type":"sms","timestamp":1513823745,"direction":"incoming","body":"Miami gangstar hat"},{"id":"861","type":"sms","timestamp":1513295962,"direction":"outgoing","body":"Test","status":"sent"},{"id":"862","type":"sms","timestamp":1513295962,"direction":"incoming","body":"Test"},{"id":"682","type":"sms","timestamp":1512698026,"direction":"outgoing","body":"Papa rouche","status":"sent"},{"id":"683","type":"sms","timestamp":1512698026,"direction":"incoming","body":"Papa rouche"},{"id":"665","type":"sms","timestamp":1512610932,"direction":"incoming","body":"Cancel paradise reservation boxing day"},{"id":"664","type":"sms","timestamp":1512610931,"direction":"outgoing","body":"Cancel paradise reservation boxing day","status":"sent"},{"id":"537","type":"sms","timestamp":1512264017,"direction":"outgoing","body":"Computational composer for paul","status":"sent"},{"id":"538","type":"sms","timestamp":1512264016,"direction":"incoming","body":"Computational composer for paul"},{"id":"478","type":"sms","timestamp":1512097388,"direction":"outgoing","body":"Unified remote, globally","status":"sent"},{"id":"479","type":"sms","timestamp":1512097388,"direction":"incoming","body":"Unified remote, globally"},{"id":"458","type":"sms","timestamp":1512065782,"direction":"outgoing","body":"still refreshing","status":"sent"},{"id":"459","type":"sms","timestamp":1512065780,"direction":"incoming","body":"still refreshing"},{"id":"456","type":"sms","timestamp":1512065770,"direction":"outgoing","body":"Still sending","status":"sent"}]}