{"thread":[{"id":"1209","type":"sms","timestamp":1515341297,"direction":"incoming","body":"FreeT-Mo Msg: Your Auto-Payment of $70.00 made on 01\/07 for your T-Mobile plan. Confirm #176582581. Questions\/cancel dial *233 or visit my.T-Mobile.com."},{"id":"1195","type":"sms","timestamp":1515194414,"direction":"incoming","body":"FreeT-Mo Msg: Your T-Mobile plan will renew in two days via AutoPay with an estimated charge of $70.00 before taxes\/fees\/surcharges. Thank you for being a T-Mobile customer."},{"id":"698","type":"sms","timestamp":1512749520,"direction":"incoming","body":"FreeT-Mo Msg: Your Auto-Payment of $70.00 made on 12\/08 for your T-Mobile plan. Confirm #175509425. Questions\/cancel dial *233 or visit my.T-Mobile.com."},{"id":"671","type":"sms","timestamp":1512662527,"direction":"incoming","body":"FreeT-Mo Msg: Your T-Mobile plan will renew in two days via AutoPay with an estimated charge of $70.00 before taxes\/fees\/surcharges. Thank you for being a T-Mobile customer."}]}