{"thread":[{"id":"1456","type":"sms","timestamp":1516731681,"direction":"incoming","body":"Your Google verification code is 591715"},{"id":"202","type":"sms","timestamp":1511729883,"direction":"incoming","body":"379593 is your Google Voice verification code."},{"id":"201","type":"sms","timestamp":1511729833,"direction":"incoming","body":"950346 is your Google Voice verification code."},{"id":"19","type":"sms","timestamp":1510934708,"direction":"incoming","body":"Your Google verification code is 709718"}]}