{"thread":[{"id":"1058","type":"sms","timestamp":1514658431,"direction":"outgoing","body":"Perfect, see you then","status":"sent"},{"id":"1055","type":"sms","timestamp":1514658350,"direction":"incoming","body":"Shall we say 1? "},{"id":"1054","type":"sms","timestamp":1514658286,"direction":"outgoing","body":"Keeping up sounds like a dangerous proposition. JoJos sounds lovely. Any particular time?","status":"sent"},{"id":"1051","type":"sms","timestamp":1514657987,"direction":"incoming","body":"As long as she can keep up?! I cane tne Bloody Mary’s when it’s bottomless!\n\nFancy meeting down on Bleecker? Always a good atmosphere in JoJos philosophy on a Sunday "},{"id":"1050","type":"sms","timestamp":1514657986,"direction":"incoming","body":"As long as she can keep up?! I cane tne Bloody Mary’s when it’s bottomless!\n\nFancy meeting down on Bleecker? Always a good atmosphere in JoJos philosophy on a Sunday "},{"id":"1049","type":"sms","timestamp":1514657856,"direction":"outgoing","body":"Actually yeah, that sounds lovely. Presumably you don't mind if Christine is with me?","status":"sent"},{"id":"1048","type":"sms","timestamp":1514657389,"direction":"incoming","body":"Not a problem. Was going to see if you fancied a cheeky bottomless brunch tomorrow "},{"id":"1047","type":"sms","timestamp":1514657305,"direction":"outgoing","body":"So sorry mate. I had an unexpected deadline come up let me check in next week?","status":"sent"},{"id":"1036","type":"sms","timestamp":1514401063,"direction":"incoming","body":"Hello mate, back in NYC yet? If so, fancy don’t afternoon drinks tomorrow?  "},{"id":"951","type":"sms","timestamp":1513875761,"direction":"outgoing","body":"'s definetely do it. Charles@FenwickElliott.io","status":"sent"},{"id":"950","type":"sms","timestamp":1513875742,"direction":"outgoing","body":"Yes mate, I'm leaving town for a few days tomorrow so it might have to be early Jan but let","status":"sent"},{"id":"947","type":"sms","timestamp":1513866257,"direction":"incoming","body":"Hey Charlie... we need to sort beers. Do you have work email? "},{"id":"917","type":"sms","timestamp":1513695931,"direction":"incoming","body":"That’s really helpful. Thanks "},{"id":"916","type":"sms","timestamp":1513694339,"direction":"outgoing","body":"By the way Christine enthusiatically recomends her dentist: https:\/\/www.holisticdentistdrefron.com just incase that's helpful","status":"sent"},{"id":"915","type":"sms","timestamp":1513690565,"direction":"outgoing","body":"No problem mate, i'm sorry to hear you're having issues witb your teeth. I know how much that sucks. Good luck","status":"sent"},{"id":"914","type":"sms","timestamp":1513690309,"direction":"incoming","body":"Charlie.. sorry but I’m gonna have to postpone tonight. Today will be spent sorting an emergency dentist advice had problems for a week and need to sort now parents have (finally!) left! Too painful to drink I think! \n\nI’m around all xmas if you fancy another evening..."},{"id":"859","type":"sms","timestamp":1513290280,"direction":"incoming","body":"Good man. Looking forward to it "},{"id":"857","type":"sms","timestamp":1513290123,"direction":"outgoing","body":"Great, good luck with the parents, it's always thricky taking them out of their natural habitat (at least with mine). Tuesday is perfect, I'll be working during the day but early evening sounds perfect. See you then","status":"sent"},{"id":"856","type":"sms","timestamp":1513287822,"direction":"incoming","body":"Hello my man. Good to hear from you.\nYes... without a doubt. My parents are here at the moment, which is killing me! \n\nHow does next Tuesday afternoon\/evening sound? "},{"id":"850","type":"sms","timestamp":1513273505,"direction":"outgoing","body":"Hey Fletch, it's Charlie (annabel's brother). No pressure or time frame but I was wondering if you wanted to have a drink some time? ","status":"sent"}]}