{"thread":[{"id":"1297","type":"sms","timestamp":1515809746,"direction":"outgoing","body":"I got most of them from you but I think it's a worthwhile playlist. I'll pick up the chess in the morning. So good to see you and L. X","status":"sent"},{"id":"1296","type":"sms","timestamp":1515809662,"direction":"outgoing","body":"Here’s a playlist for you… Noah's Sadness by \nhttps:\/\/open.spotify.com\/user\/cjgfe\/playlist\/5ifhkbzWBMy87snuLK73M9?si=rFMEFL3tSSO-H83piFwypQ","status":"sent"},{"id":"992","type":"sms","timestamp":1514059918,"direction":"incoming","body":"I will ask him!"},{"id":"991","type":"sms","timestamp":1514059902,"direction":"incoming","body":"Very little in minoo’s case"},{"id":"990","type":"sms","timestamp":1514059893,"direction":"incoming","body":"Hahaha"},{"id":"989","type":"sms","timestamp":1514058252,"direction":"outgoing","body":"On the copywright page of minoo's book is says: \"the moral right of the author has been asserted\". What the fuck does that mean? ","status":"sent"}]}