{"thread":[{"id":"106","type":"mms","timestamp":1515255879,"direction":"incoming","recipient_index":1,"body":"Bread "},{"id":"104","type":"mms","timestamp":1515255839,"direction":"incoming","recipient_index":0,"body":"That sounds lovely. I’ll put my snow suit on. See you later. What can we bring? "},{"id":"102","type":"mms","timestamp":1515255431,"direction":"incoming","recipient_index":1,"body":"Cold enough ?\nIf your not doing anything I’m making a bowl of pasta for dinner"},{"id":"100","type":"mms","timestamp":1514832668,"direction":"incoming","recipient_index":1,"body":"So did u 2 \nGlad we where together, we are still in bed !!!"},{"id":"98","type":"mms","timestamp":1514829337,"direction":"incoming","recipient_index":0,"body":"You both looked Smashing! "},{"id":"96","type":"mms","timestamp":1514829325,"direction":"incoming","recipient_index":0,"body":"Thanks so much Marisa for a fabulous night. So happy to spend it with you and Paul"},{"id":"77","type":"mms","timestamp":1514656748,"direction":"incoming","recipient_index":0,"body":"Ok thanks. "},{"id":"75","type":"mms","timestamp":1514656641,"direction":"incoming","recipient_index":1,"body":"No eat at restaurant "},{"id":"71","type":"mms","timestamp":1514656606,"direction":"incoming","recipient_index":0,"body":"Either works for us. "},{"id":"73","type":"mms","timestamp":1514656601,"direction":"incoming","recipient_index":0,"body":"Loved having all three of you.  Should we plan on eating first? Drinks with you? "},{"id":"69","type":"mms","timestamp":1514653826,"direction":"incoming","recipient_index":1,"body":"Thank you both for a truly delicouse dinner. See you tomorrow night"},{"id":"63","type":"mms","timestamp":1514219246,"direction":"incoming","recipient_index":0,"body":"Great!  Sorry to miss it. Have a wonderful wonderful time. I’m sure it will be a spectacular meal! "},{"id":"62","type":"mms","timestamp":1514219168,"direction":"incoming","recipient_index":1,"body":"Nowhere !!! Staying home with 11 guests it’s what I like "},{"id":"61","type":"mms","timestamp":1514219118,"direction":"incoming","recipient_index":0,"body":"Yes missing Christmas with you. I’m so glad you will be served today. Where are you going? "},{"id":"59","type":"mms","timestamp":1514217527,"direction":"incoming","recipient_index":0,"body":"And to you two!  Merry Christmas!  See you soon xx "},{"id":"60","type":"mms","timestamp":1514216545,"direction":"incoming","recipient_index":1,"body":"Miss you both lots of love"},{"id":"58","type":"mms","timestamp":1514216536,"direction":"incoming","recipient_index":1,"body":"","image_urls":["https:\/\/dl2.pushbulletusercontent.com\/dOi0n8YiD0KxuyU8UcpnDAix5qxJfiXj\/164"]}]}