{"thread":[{"id":"1122","type":"sms","timestamp":1514999848,"direction":"incoming","body":"Actually it's been prettty close to what the NYC weather has been. If all goes well, I might be far enough West from NYC to miss most or all of the storm coming that way"},{"id":"1120","type":"sms","timestamp":1514999405,"direction":"outgoing","body":"I hear that, it's bloody freezing here and it has to be worse out by you","status":"sent"},{"id":"1119","type":"sms","timestamp":1514998862,"direction":"incoming","body":"Everyone is good. Trying to stay warm, lol. Limiting what we do outdoors and even going out."},{"id":"1118","type":"sms","timestamp":1514998624,"direction":"outgoing","body":"Thank you, and to you and yours, sincerely. How are they all?","status":"sent"},{"id":"1104","type":"sms","timestamp":1514932276,"direction":"incoming","body":"Hey Charles, wanted to wish you a Happy and Healthy 2018! All the best to you and your family."}]}