{"thread":[{"id":"1241","type":"sms","timestamp":1515495657,"direction":"incoming","body":"vening but how long you in London?"},{"id":"1240","type":"sms","timestamp":1515495654,"direction":"incoming","body":"Got mother in law visiting so they’ve booked a separate thing wed e"},{"id":"1239","type":"sms","timestamp":1515457752,"direction":"outgoing","body":"For Wed are you thinking pub or am I to meet the your loves? ","status":"sent"},{"id":"1164","type":"sms","timestamp":1515084999,"direction":"incoming","body":"Looking forward to it! "},{"id":"1163","type":"sms","timestamp":1515084977,"direction":"incoming","body":"Excellent - evening better for me as am working in the day "},{"id":"1162","type":"sms","timestamp":1515084916,"direction":"outgoing","body":"How about a drink ( & \/ or ) bite wednesday?","status":"sent"},{"id":"1133","type":"sms","timestamp":1515006274,"direction":"outgoing","body":"Great, not sure of the plans yet but I'll be in touch. Hazah!","status":"sent"},{"id":"1121","type":"sms","timestamp":1514999734,"direction":"incoming","body":"Excellent, welcome back! Of course let me know where and when! "},{"id":"1117","type":"sms","timestamp":1514997930,"direction":"outgoing","body":"Hey Sandy, I'm going to be in Ldn for a few days next week. I won't have much time but I'd love to see you and yours if possible. You around?","status":"sent"}]}