{"thread":[{"id":"1273","type":"sms","timestamp":1515762775,"direction":"incoming","body":"Welcome on board DY7015 12. Jan\nLondon\/Ga. - New York\/.\nDep: 17:10\nTerminal: S\nGate: Please check the information screens\nYour ticket: https:\/\/www.norwegian.com\/uk\/start\/mt?p=MNLHYHFENWI"},{"id":"1242","type":"sms","timestamp":1515500582,"direction":"incoming","body":"Welcome on board DY7014 09. Jan\nNew York\/. - London\/Ga.\nDep: 11:20\nTerminal: 1\nGate: Please check the information screens\nYour ticket: https:\/\/www.norwegian.com\/uk\/start\/mt?p=MNLHYHFENWI"}]}