{"thread":[{"id":"1321","type":"sms","timestamp":1515954280,"direction":"outgoing","body":"He looks lovely, and get's points for the doug in the background. He is apparently the one C had predicted from your social media. So lovely to see you in LDN, how is it being back in Aus?","status":"sent"},{"id":"119","type":"mms","timestamp":1515874318,"direction":"incoming","recipient_index":0,"body":"He’s the ginger. Here’s a nice photo of him in the middle of his family x","image_urls":["https:\/\/dl2.pushbulletusercontent.com\/VSQ9n3QH4GrbzJi6QdpEBQpX0Vtyu6oS\/284"]},{"id":"1306","type":"sms","timestamp":1515857360,"direction":"outgoing","body":"C is wondering which of the boys in your photos is Cameroon is. If it's not too invasive a question","status":"sent"}]}