{"thread":[{"id":"1068","type":"sms","timestamp":1514674131,"direction":"outgoing","body":"11e","status":"sent"},{"id":"1067","type":"sms","timestamp":1514674113,"direction":"incoming","body":"What’s your apt again?"},{"id":"1063","type":"sms","timestamp":1514673854,"direction":"outgoing","body":"Hazah","status":"sent"},{"id":"1062","type":"sms","timestamp":1514673801,"direction":"incoming","body":"Ok. I’m hailing a Lyft your way now"},{"id":"1061","type":"sms","timestamp":1514673503,"direction":"outgoing","body":"Whatever you'd like. You know C's taste and we have some of our own so we're not in danger of drying out","status":"sent"},{"id":"1060","type":"sms","timestamp":1514673184,"direction":"incoming","body":"Ok. Bubbles and a nice white? I also have a nice red"},{"id":"1059","type":"sms","timestamp":1514673148,"direction":"outgoing","body":"Christine is getting changed but says come over. I'll sort some snacks and it's nice here","status":"sent"},{"id":"156","type":"sms","timestamp":1511470200,"direction":"outgoing","body":"And I yours, genuinely. Enjoy","status":"sent"},{"id":"154","type":"sms","timestamp":1511467321,"direction":"incoming","body":"Great! Happy thanksgiving to you. I'm thankful for your friendship!!"},{"id":"152","type":"sms","timestamp":1511465058,"direction":"outgoing","body":"How's your thanksgiving feast?","status":"sent"},{"id":"65","type":"sms","timestamp":1511038053,"direction":"outgoing","body":"Great, see you there","status":"sent"},{"id":"64","type":"sms","timestamp":1511037625,"direction":"incoming","body":"Anfora sounds good to me"},{"id":"63","type":"sms","timestamp":1511036065,"direction":"outgoing","body":"We were about to order some lunch in, rewatching a bond in the background. You're welcome to join us, otherwise Anphora 5:30 ish? ","status":"sent"},{"id":"62","type":"sms","timestamp":1511035668,"direction":"incoming","body":"Not in any particular rush. What are you guys thinking?"},{"id":"61","type":"sms","timestamp":1511035472,"direction":"outgoing","body":"Any thoughts about the day? ","status":"sent"}]}