{"thread":[{"id":"1208","type":"sms","timestamp":1515247864,"direction":"incoming","body":"Thanks microscopic brethren, obviously love you too. Madre is actually about to call you and ask for a food shopping list. Are you free? "},{"id":"1207","type":"sms","timestamp":1515246637,"direction":"outgoing","body":"I love you","status":"sent"},{"id":"1179","type":"sms","timestamp":1515166900,"direction":"outgoing","body":"Sounds good","status":"sent"},{"id":"1178","type":"sms","timestamp":1515166885,"direction":"incoming","body":"Oh, no I will call now from house phone "},{"id":"1177","type":"sms","timestamp":1515166865,"direction":"outgoing","body":"Shall I call on what's app?","status":"sent"},{"id":"1176","type":"sms","timestamp":1515166848,"direction":"incoming","body":"I should still be awake "},{"id":"1175","type":"sms","timestamp":1515166835,"direction":"incoming","body":"Yes just text me when it’s clear "},{"id":"1174","type":"sms","timestamp":1515166796,"direction":"outgoing","body":"Apartment is clear if you'd like to talk?","status":"sent"},{"id":"1173","type":"sms","timestamp":1515166331,"direction":"outgoing","body":"Are you sure? She is going to leave any min","status":"sent"},{"id":"1172","type":"sms","timestamp":1515166285,"direction":"incoming","body":"It’s ok we will talk soon x "},{"id":"1171","type":"sms","timestamp":1515165703,"direction":"outgoing","body":"Sorry, I thought I messaged you that earlier","status":"sent"},{"id":"1170","type":"sms","timestamp":1515165615,"direction":"outgoing","body":"Shit, I've been waiting for C to go to work so we can speak privately","status":"sent"},{"id":"1169","type":"sms","timestamp":1515165575,"direction":"incoming","body":"Going to sleep now for a bit, speak soon x "},{"id":"1168","type":"sms","timestamp":1515163747,"direction":"incoming","body":"Just in a bad way "},{"id":"1167","type":"sms","timestamp":1515163735,"direction":"incoming","body":"Wanted to talk"},{"id":"1166","type":"sms","timestamp":1515163726,"direction":"incoming","body":"Yeah"},{"id":"1165","type":"sms","timestamp":1515163079,"direction":"outgoing","body":"You called?","status":"sent"},{"id":"79","type":"mms","timestamp":1514750449,"direction":"outgoing","body":"","image_urls":["https:\/\/dl2.pushbulletusercontent.com\/1AEVgw8XwgZWoIfSvFOBVTt8PwPP5KvX\/205"]},{"id":"1075","type":"sms","timestamp":1514732359,"direction":"incoming","body":"Nope, whenever x "},{"id":"1053","type":"sms","timestamp":1514658084,"direction":"outgoing","body":"Also J wants to host me for a meal, do you have any preferance as to whether you'd rather it be Wed or Thurs?","status":"sent"},{"id":"1052","type":"sms","timestamp":1514658025,"direction":"outgoing","body":"Current plan looks like group family meal is lunch Thurs. Does that work for you?","status":"sent"},{"id":"981","type":"sms","timestamp":1513956236,"direction":"outgoing","body":"Hey sibbers, could you send me the link for the Norweigan air round trip just out of curiosity. ","status":"sent"},{"id":"777","type":"sms","timestamp":1512958629,"direction":"incoming","body":"It’s ok. I had the best day with you, thank you for everything "},{"id":"776","type":"sms","timestamp":1512958583,"direction":"outgoing","body":"I'm sorry they're being twats ","status":"sent"},{"id":"775","type":"sms","timestamp":1512958375,"direction":"incoming","body":"A lot! "},{"id":"774","type":"sms","timestamp":1512958372,"direction":"incoming","body":"Yeah it’s a shit show here and I am mighty cross. But thank you for getting me here "},{"id":"773","type":"sms","timestamp":1512954163,"direction":"outgoing","body":"Is everything right with you? ","status":"sent"},{"id":"751","type":"sms","timestamp":1512918986,"direction":"outgoing","body":"Hey","status":"sent"},{"id":"744","type":"sms","timestamp":1512916047,"direction":"outgoing","body":"Car is done. I'm heading out. Call me if I should turn around. I won't be able to read messages","status":"sent"},{"id":"740","type":"sms","timestamp":1512915485,"direction":"outgoing","body":"The guy is helping me change the tire but it's not done yet. When you land let me know if you'd still like me to run out. Internet says it will take me half an hour to get out","status":"sent"},{"id":"736","type":"sms","timestamp":1512914343,"direction":"outgoing","body":"Address is 405 w 23rd st at 9th ave","status":"sent"},{"id":"735","type":"sms","timestamp":1512914175,"direction":"outgoing","body":"So sorry","status":"sent"},{"id":"734","type":"sms","timestamp":1512914171,"direction":"outgoing","body":"Get an cab and I'll pay for it","status":"sent"},{"id":"733","type":"sms","timestamp":1512914116,"direction":"outgoing","body":"So sorry, car has a fucking flat. I won't make it there in time","status":"sent"},{"id":"728","type":"sms","timestamp":1512879424,"direction":"incoming","body":"DY7013 Landing at 9.20, Norwegian air from Gatwick "},{"id":"14","type":"mms","timestamp":1512873248,"direction":"outgoing","body":"","image_urls":["https:\/\/dl2.pushbulletusercontent.com\/JIrSPsUHd1laKCzxG2KQozgLrWpK68nh\/38"]},{"id":"717","type":"sms","timestamp":1512833541,"direction":"outgoing","body":"Heads up, it just started snowing so dress accordingly","status":"sent"},{"id":"627","type":"sms","timestamp":1512595908,"direction":"incoming","body":"Ok x"},{"id":"622","type":"sms","timestamp":1512595741,"direction":"outgoing","body":"Not sure i'll be back in time, tomorrow? ","status":"sent"},{"id":"618","type":"sms","timestamp":1512595248,"direction":"incoming","body":"Will only be up for another hour I reckon, was just wanting to discuss Sunday "}]}