{"threads":[{"id":"1","recipients":[{"name":"Christine Wagner","address":"+16462587192","number":"+1 (646) 258-7192","image_url":"https:\/\/dl2.pushbulletusercontent.com\/A9zqYLvGL6ONcbXPnVGqIlgT4B011rpy\/photo"}],"latest":{"id":"1460","type":"sms","timestamp":1516733532,"direction":"outgoing","body":"I'm so glad. I love you. Xxx","status":"sent"}},{"id":"3","recipients":[{"name":"22000","address":"22000","number":"22000"}],"latest":{"id":"1456","type":"sms","timestamp":1516731681,"direction":"incoming","body":"Your Google verification code is 591715"}},{"id":"2","recipients":[{"name":"Perdix","address":"+19173659424","number":"(917) 365-9424","image_url":"https:\/\/dl2.pushbulletusercontent.com\/rVS3PUXHwmLrsc8ML1D5mo0icP12QtLL\/photo"}],"latest":{"id":"1447","type":"sms","timestamp":1516660753,"direction":"outgoing","body":"Blah","status":"sent"}},{"id":"52","recipients":[{"name":"Christine Wagner","address":"+16462587192","number":"+1 (646) 258-7192","image_url":"https:\/\/dl2.pushbulletusercontent.com\/A9zqYLvGL6ONcbXPnVGqIlgT4B011rpy\/photo"},{"name":"9","address":"9","number":"9"}]},{"id":"51","recipients":[{"name":"+14242273451","address":"+14242273451","number":"+14242273451"}],"latest":{"id":"1405","type":"sms","timestamp":1516379746,"direction":"incoming","body":"Snapchat Code: 842257. Happy Snapping!"}},{"id":"10","recipients":[{"name":"Kelly Mo","address":"+19176993306","number":"+1 9176993306","image_url":"https:\/\/dl2.pushbulletusercontent.com\/OzxvYSDd2ufjx9mmz3eHJmGJD0JK27zW\/photo"}],"latest":{"id":"1363","type":"sms","timestamp":1516224317,"direction":"incoming","body":"Awww  thanks - life  is good on our way to Kerhonkson to check out the building - want to hear about London - was it a blast?"}},{"id":"50","recipients":[{"name":"+16466817863","address":"+16466817863","number":"+16466817863"}],"latest":{"id":"1323","type":"sms","timestamp":1515980526,"direction":"outgoing","body":"Great thanks, be there in a sec","status":"sent"}},{"id":"49","recipients":[{"name":"Lucy Fenwick Elliott","address":"+61437921010","number":"+61 437 921 010","image_url":"https:\/\/dl2.pushbulletusercontent.com\/6sfD2Ze0dgyP6JSni8ssFBBzbC3ylapF\/photo"}],"latest":{"id":"1321","type":"sms","timestamp":1515954280,"direction":"outgoing","body":"He looks lovely, and get's points for the doug in the background. He is apparently the one C had predicted from your social media. So lovely to see you in LDN, how is it being back in Aus?","status":"sent"}},{"id":"37","recipients":[{"name":"Sammy Jay","address":"+447963186747","number":"+447963186747","image_url":"https:\/\/dl2.pushbulletusercontent.com\/qYe1DU7nmiehl5F8t62RuOz5VoT0UFWj\/photo"}],"latest":{"id":"1297","type":"sms","timestamp":1515809746,"direction":"outgoing","body":"I got most of them from you but I think it's a worthwhile playlist. I'll pick up the chess in the morning. So good to see you and L. X","status":"sent"}},{"id":"47","recipients":[{"name":"60399","address":"60399","number":"60399"}],"latest":{"id":"1273","type":"sms","timestamp":1515762775,"direction":"incoming","body":"Welcome on board DY7015 12. Jan\nLondon\/Ga. - New York\/.\nDep: 17:10\nTerminal: S\nGate: Please check the information screens\nYour ticket: https:\/\/www.norwegian.com\/uk\/start\/mt?p=MNLHYHFENWI"}},{"id":"18","recipients":[{"name":"Jamie Fe","address":"+61437921011","number":"+61 437 921 011"}],"latest":{"id":"1272","type":"sms","timestamp":1515616256,"direction":"incoming","body":"Hi Charlie do we have a plan re tomorrow? Me and L would like to see you if possible. Maybe we come round in the morning sometime? "}},{"id":"8","recipients":[{"name":"Annabel Fenwick Elliott","address":"+447713121287","number":"+447713121287","image_url":"https:\/\/dl2.pushbulletusercontent.com\/ICaoOQv4VzJ5t166FpGpXjGIizYn3zJG\/photo"}],"latest":{"id":"1265","type":"sms","timestamp":1515537499,"direction":"incoming","body":" Free Msg: Unable to send message - Message Blocking is active."}},{"id":"48","recipients":[{"name":"156","address":"156","number":"156"}],"latest":{"id":"1261","type":"sms","timestamp":1515537396,"direction":"incoming","body":"Free T-Mobile Msg:  CAUTION:  Charges are up to $15\/MB +tax for web\/email\/apps while roaming.  To disable data please dial #763#"}},{"id":"13","recipients":[{"name":"Merrisa Duane Park","address":"16463347563","number":"+1 646-334-7563"}],"latest":{"id":"1250","type":"sms","timestamp":1515513575,"direction":"incoming","body":"Lots of beef bourgonone left from last night if u want to come over later and get a take away for your dinner tonight"}},{"id":"45","recipients":[{"name":"Charlie Sanden","address":"+447555131191","number":"+447555131191"}],"latest":{"id":"1241","type":"sms","timestamp":1515495657,"direction":"incoming","body":"vening but how long you in London?"}},{"id":"23","recipients":[{"name":"456","address":"456","number":"456"}],"latest":{"id":"1214","type":"sms","timestamp":1515423012,"direction":"incoming","body":"Free T-Mobile Msg: Thank you! Your  plan has been paid & starts today 01\/07\/2018. It is good through 02\/06\/2018."}},{"id":"22","recipients":[{"name":"7777","address":"7777","number":"7777"}],"latest":{"id":"1209","type":"sms","timestamp":1515341297,"direction":"incoming","body":"FreeT-Mo Msg: Your Auto-Payment of $70.00 made on 01\/07 for your T-Mobile plan. Confirm #176582581. Questions\/cancel dial *233 or visit my.T-Mobile.com."}},{"id":"38","recipients":[{"name":"Christine Wagner","address":"+16462587192","number":"+1 (646) 258-7192","image_url":"https:\/\/dl2.pushbulletusercontent.com\/A9zqYLvGL6ONcbXPnVGqIlgT4B011rpy\/photo"},{"name":"Merrisa Duane Park","address":"16463347563","number":"+1 646-334-7563"}],"latest":{"id":"106","type":"mms","timestamp":1515255879,"direction":"incoming","recipient_index":1,"body":"Bread "}},{"id":"46","recipients":[{"name":"732873","address":"732873","number":"732873"}],"latest":{"id":"1187","type":"sms","timestamp":1515189432,"direction":"incoming","body":"Your Upwork verification PIN is 12774"}},{"id":"44","recipients":[{"name":"Michael Hernandez","address":"+19173124350","number":"+19173124350"}],"latest":{"id":"1122","type":"sms","timestamp":1514999848,"direction":"incoming","body":"Actually it's been prettty close to what the NYC weather has been. If all goes well, I might be far enough West from NYC to miss most or all of the storm coming that way"}},{"id":"17","recipients":[{"name":"Marcus Dougherty","address":"9172977832","number":"9172977832"}],"latest":{"id":"1097","type":"sms","timestamp":1514839217,"direction":"outgoing","body":"And to you mate, whole heartedly!","status":"sent"}},{"id":"43","recipients":[{"name":"Chris Callender","address":"+19174358693","number":"(917) 435-8693","image_url":"https:\/\/dl2.pushbulletusercontent.com\/bq8VEdah66iG7w2T98yDnxrXXUOw9tae\/photo"}],"latest":{"id":"1093","type":"sms","timestamp":1514826983,"direction":"outgoing","body":"And to you mate. Sincierely ","status":"sent"}},{"id":"12","recipients":[{"name":"Christine Wagner","address":"+16462587192","number":"+1 (646) 258-7192","image_url":"https:\/\/dl2.pushbulletusercontent.com\/A9zqYLvGL6ONcbXPnVGqIlgT4B011rpy\/photo"},{"name":"Montserrat","address":"+19173783646","number":"917-378-3646"}],"latest":{"id":"89","type":"mms","timestamp":1514775911,"direction":"incoming","recipient_index":1,"body":"Going to bed. Big kiss"}},{"id":"6","recipients":[{"name":"Holly Roberts","address":"19172398253","number":"19172398253"}],"latest":{"id":"1068","type":"sms","timestamp":1514674131,"direction":"outgoing","body":"11e","status":"sent"}},{"id":"30","recipients":[{"name":"Fletch","address":"6468918198","number":"(646) 891-8198"}],"latest":{"id":"1058","type":"sms","timestamp":1514658431,"direction":"outgoing","body":"Perfect, see you then","status":"sent"}},{"id":"40","recipients":[{"name":"28598","address":"28598","number":"28598"}],"latest":{"id":"1016","type":"sms","timestamp":1514307936,"direction":"incoming","body":"DL 1359\/Dec 26 from MIA now departs at 4:00 pm. You can check flight status at delta.com."}},{"id":"39","recipients":[{"name":"Annabel Fenwick Elliott","address":"+447713121287","number":"+447713121287","image_url":"https:\/\/dl2.pushbulletusercontent.com\/ICaoOQv4VzJ5t166FpGpXjGIizYn3zJG\/photo"},{"name":"Sue Fenwick Elliott","address":"+447783005902","number":"07783 005902","image_url":"https:\/\/dl2.pushbulletusercontent.com\/8wnXI7zQjXRojwEsjOSRiSlLanOmz1A8\/photo"}],"latest":{"id":"64","type":"mms","timestamp":1514219536,"direction":"outgoing","body":"Skype? "}},{"id":"15","recipients":[{"name":"Father","address":"+61415668665","number":"+61415668665","image_url":"https:\/\/dl2.pushbulletusercontent.com\/dOezF9IPnKPhfg8krVUnfCbm4qBCpOnk\/photo"}],"latest":{"id":"1001","type":"sms","timestamp":1514091223,"direction":"outgoing","body":"You about for a chat? ","status":"sent"}},{"id":"20","recipients":[{"name":"Sue Fenwick Elliott","address":"+447783005902","number":"07783 005902","image_url":"https:\/\/dl2.pushbulletusercontent.com\/8wnXI7zQjXRojwEsjOSRiSlLanOmz1A8\/photo"}],"latest":{"id":"983","type":"sms","timestamp":1513970919,"direction":"outgoing","body":"Love","status":"sent"}},{"id":"35","recipients":[{"name":"75598","address":"75598","number":"75598"}],"latest":{"id":"982","type":"sms","timestamp":1513959468,"direction":"incoming","body":"DL 2814\/Dec 22 from JFK now departs at 5:35 pm. You can check flight status at delta.com."}}]}